{"1": [[-1.4547339126603052, 0.8838948170665873], [-1.9511068666232818, 0.017464258792426746], [-1.6618231217952704, 0.31665799939222616], [-1.413363543623096, 0.9384607549970024], [-2.0894318382918935, 0.36627526669986366], [-2.367559240070697, 0.10694657084282255], [-1.8536384998685966, 0.4998571284731943], [-1.7301273816693783, 0.9613851998834776], [-2.3313484232062653, 0.23857384160438933], [-1.9950873335625383, 0.2656986077855267]], "2": [[-1.5034881043072863, 0.8244015474309128], [-1.9177735471346165, 0.057797576290791075], [-1.9364400427888042, 0.04829813320169796], [-2.213307814486157, 0.1418566254382112], [-1.4735985664666116, 0.9854114085911917], [-2.0167097634453754, 0.4755125092380199], [-1.776125895897105, 0.6134599720958595], [-2.4858243553479293, 0.2161674197790021], [-2.379002485435986, 0.22157859089244514], [-2.191264325072248, 0.07386710107972672]], "3": [[-1.571238384467562, 0.7559966847517917], [-1.7477581296850282, 0.2296235308423642], [-1.899081297468325, 0.08615739751215934], [-2.270202080652049, 0.08507450862438226], [-1.6527371279425338, 0.8059312985691878], [-2.0762346138653758, 0.4187706545297465], [-1.9009091002926004, 0.4855330153787025], [-1.745446981613949, 0.9770344334926399], [-2.3991092785321606, 0.1941906733195008], [-1.6800544235630546, 0.5865961268164152]]}